1-letter,2-min,3-max
A,0.750000,1.000000
B,0.650000,0.700000
C,0.500000,0.650000
D,0.350000,0.500000
F,0.000000,0.350000
